uncchdid,female,sea83,sea86,sea91,seatotal,sea05,SEAsum_83_05
20007,1,0.5368098616600037,0.5719345808029175,-0.282681941986084,0.8260625004768372,-0.0762777328491211,0.46053212881088257
20010,1,-0.5778565406799316,-0.5581552982330322,-0.502093493938446,-1.6381053924560547,-0.2973223924636841,-0.8751789331436157
20036,1,-0.46300384402275085,-0.48369261622428894,-0.5029606819152832,-1.4496572017669678,1.0201791524887085,0.5571753084659576
20037,1,-0.1082344800233841,0.3354845345020294,0.26122018694877625,0.48847025632858276,0.6331312656402588,0.5248967856168747
20040,1,0.6476506590843201,0.5394542813301086,0.6179012060165405,1.8050061464309692,1.8130384683609009,2.460689127445221
20042,1,-0.7009364366531372,-0.7501986622810364,-0.43000566959381104,-1.8811407089233398,-0.8076508641242981,-1.5085873007774353
20043,1,-0.2347439080476761,-0.12480269372463226,-0.5013411641120911,-0.8608877658843994,0.22297275066375732,-0.011771157383918762
20047,1,-0.3541235625743866,-0.4879172146320343,-0.09622582793235779,-0.9382666349411011,0.31962984800338745,-0.034493714570999146
20068,1,-0.46407613158226013,-0.5973923206329346,-0.6571711301803589,-1.718639612197876,-0.8423008918762207,-1.3063770234584808
20070,1,-0.1983216106891632,-0.14402338862419128,0.2324952781200409,-0.1098497211933136,-0.9458189010620117,-1.144140511751175
20071,1,0.11537238210439682,0.09138251096010208,0.45241066813468933,0.6591655611991882,-0.7355115413665771,-0.6201391592621803
20072,0,-0.04169230908155441,-0.017841972410678864,-0.0665523111820221,-0.12608659267425537,0.2963557541370392,0.25466344505548477
20073,1,0.19500884413719177,0.1584225296974182,-0.08578459918498993,0.26764678955078125,0.03888827562332153,0.2338971197605133
20083,1,0.15197309851646423,-0.13869266211986542,-0.259634792804718,-0.2463543564081192,0.81697016954422,0.9689432680606842
20105,1,1.1384303569793701,1.7400293350219727,1.8346866369247437,4.713146209716797,0.16988825798034668,1.3083186149597168
20107,1,-0.5184448957443237,-0.47232988476753235,-0.4843624234199524,-1.4751372337341309,-0.17865414917469025,-0.697099044919014
20109,1,-0.17384028434753418,-0.3068879246711731,-0.3834533095359802,-0.8641815185546875,0.22885210812091827,0.055011823773384094
20110,1,-0.058036208152770996,-0.1918192207813263,-0.10066929459571838,-0.3505247235298157,-0.27403929829597473,-0.3320755064487457
20115,1,0.035258948802948,-0.25478503108024597,-0.3030417263507843,-0.5225678086280823,0.15597866475582123,0.19123761355876923
20133,0,-0.14248275756835938,-0.13030248880386353,0.05025036633014679,-0.2225348800420761,0.008490164764225483,-0.1339925928041339
20138,1,-0.40861010551452637,-0.37629440426826477,-0.6156415939331055,-1.4005460739135742,-0.4241567552089691,-0.8327668607234955
20144,1,1.2982254028320312,0.5046755075454712,0.6538750529289246,2.4567759037017822,0.22280625998973846,1.5210316628217697
20156,1,-0.4766213893890381,-0.37028348445892334,-0.06482452154159546,-0.9117293953895569,-0.3316470682621002,-0.8082684576511383
20162,1,1.164932370185852,0,2.0695509910583496,3.234483242034912,0.8080232739448547,1.9729556441307068
20163,0,1.0305852890014648,1.405677318572998,1.1278265714645386,3.564089298248291,0.4985206127166748,1.5291059017181396
20173,1,0.3563638925552368,0.8040034174919128,0.854859471321106,2.0152268409729004,1.2754579782485962,1.631821870803833
20181,0,0.8853585720062256,1.823033332824707,1.3707799911499023,4.079172134399414,-0.020261406898498535,0.865097165107727
20208,1,0.5844147801399231,0.3206643760204315,0.1616528034210205,1.0667319297790527,-0.7324367165565491,-0.14802193641662598
20218,0,0.8100590109825134,0.6827770471572876,0.37627387046813965,1.869109869003296,-0.09125735610723495,0.7188016548752785
20226,1,-0.12673768401145935,-0.31712502241134644,-0.4995388984680176,-0.943401575088501,-0.8656764030456543,-0.9924140870571136
20229,1,-0.49628767371177673,0.25705474615097046,-0.6020262241363525,-0.8412591218948364,-0.8260124325752258,-1.3223001062870026
20230,0,0.7445614337921143,0.4197812080383301,-0.5354686975479126,0.6288739442825317,0.1847081184387207,0.929269552230835
20232,1,0.9381579160690308,0.8500375747680664,0.34777528047561646,2.1359708309173584,0.804099977016449,1.7422578930854797
20245,0,-0.9644596576690674,-0.9496583342552185,-0.4092174470424652,-2.3233354091644287,-0.9909045696258545,-1.9553642272949219
20265,1,0.24588249623775482,0.17487940192222595,0.1919366866350174,0.6126985549926758,0.5031285285949707,0.7490110248327255
20275,1,0.12153905630111694,0.029627948999404907,-0.0952395498752594,0.05592745542526245,-0.49362674355506897,-0.372087687253952
20283,1,-0.57823646068573,-0.4966886043548584,-0.6734103560447693,-1.748335361480713,-0.1536000519990921,-0.7318365126848221
20291,1,1.2652976512908936,1.8082249164581299,1.5256431102752686,4.599165916442871,1.9000362157821655,3.165333867073059
20295,1,0.6046370267868042,0.6399566531181335,0.4052477478981018,1.6498414278030396,0.5676963329315186,1.1723333597183228
20313,1,1.3238292932510376,1.2134162187576294,0.9677690267562866,3.505014419555664,0.20024095475673676,1.5240702480077744
20316,1,0.36754369735717773,0.17233556509017944,0.3253740668296814,0.8652533292770386,1.13904869556427,1.5065923929214478
20319,1,0.3882025480270386,0.3888823688030243,0.12598314881324768,0.9030680656433105,0.025870660319924355,0.41407320834696293
20326,1,-0.05031513422727585,-0.30252039432525635,-0.46449506282806396,-0.8173305988311768,-0.015563865192234516,-0.06587899941951036
20328,1,-0.22829076647758484,-0.27063512802124023,0.16069039702415466,-0.3382354974746704,-0.1840055137872696,-0.41229628026485443
20331,1,0.2509373426437378,0.828159511089325,0.7431719303131104,1.8222687244415283,-0.4598259925842285,-0.20888864994049072
20336,1,-0.1511976718902588,0,-0.29564350843429565,-0.44684118032455444,-0.2701253890991211,-0.4213230609893799
20338,1,-0.3098061978816986,-0.5183917880058289,-0.17220312356948853,-1.0004011392593384,-0.5712510347366333,-0.8810572326183319
20341,1,-0.2523985207080841,-0.3618699610233307,-0.5554171800613403,-1.1696856021881104,0.03861645981669426,-0.21378206089138985
20352,1,0.9708808660507202,0.6568304300308228,1.0937988758087158,2.721510171890259,1.6240648031234741,2.5949456691741943
20361,1,1.2579206228256226,0.577305793762207,0.637323796749115,2.4725501537323,0.09519516676664352,1.353115789592266
20373,1,-0.732940673828125,0,-0.11955258995294571,-0.8524932861328125,-1.5438152551651,-2.276755928993225
20385,1,-0.45948901772499084,-0.2880275249481201,-0.04263189435005188,-0.7901484370231628,0.451549768447876,-0.007939249277114868
20386,0,0.900874137878418,0.8786759376525879,1.0333937406539917,2.812943935394287,0.7202728390693665,1.6211469769477844
20389,1,0.20758798718452454,0.3658890724182129,0.701740562915802,1.2752176523208618,0.796617329120636,1.0042053163051605
20393,1,-0.5012849569320679,-0.45169109106063843,-0.5030409097671509,-1.456017017364502,-0.0938258245587349,-0.5951107814908028
20395,1,-0.2607981860637665,-0.4998326897621155,0.40625622868537903,-0.35437464714050293,1.0143980979919434,0.7535999119281769
20396,1,-0.32256823778152466,-0.09677629172801971,-0.4324464499950409,-0.8517909646034241,-0.45307841897010803,-0.7756466567516327
20398,1,0.0063584595918655396,-0.08614130318164825,-0.270685076713562,-0.3504679203033447,0.29238247871398926,0.2987409383058548
20401,0,-0.5135937929153442,-0.5652489066123962,-0.2891772389411926,-1.368019938468933,-0.7338454127311707,-1.247439205646515
20419,0,-0.8820101022720337,-0.8245171308517456,-1.1053742170333862,-2.811901569366455,-1.4823623895645142,-2.364372491836548
20420,0,1.1652262210845947,0.7755448818206787,1.0398917198181152,2.9806628227233887,1.2575072050094604,2.422733426094055
20421,1,-0.1087166965007782,0.03375771641731262,0.6060609221458435,0.5311019420623779,0.7116584777832031,0.6029417812824249
20426,1,0.8751016855239868,1.3715410232543945,1.1568245887756348,3.4034671783447266,0.6134421825408936,1.4885438680648804
20428,1,0.7526530027389526,1.004433274269104,1.3945503234863281,3.1516366004943848,-0.282713383436203,0.46993961930274963
20429,1,-0.05249665677547455,-0.05501951277256012,-0.10867306590080261,-0.21618923544883728,-0.29783427715301514,-0.3503309339284897
20430,1,0.010733403265476227,0.14269526302814484,0.646581768989563,0.8000104427337646,0.565657913684845,0.5763913169503212
20432,1,1.4956161975860596,0,1.5327305793762207,3.0283467769622803,0.8450503945350647,2.3406665921211243
20437,0,-0.2580643594264984,-0.3938528597354889,-0.288114070892334,-0.9400312900543213,0.526400089263916,0.2683357298374176
20438,1,-0.3781251013278961,-0.25582581758499146,-0.5753881931304932,-1.2093391418457031,0.16016685962677002,-0.2179582417011261
20440,1,-0.3305465877056122,-0.2819136083126068,-0.3508623540401459,-0.9633225202560425,0.5809963345527649,0.2504497468471527
20445,1,0.39258766174316406,0.47574764490127563,0,0.8683353066444397,0.17548947036266327,0.5680771321058273
20476,0,-0.10791795700788498,-0.12956875562667847,0.29032912850379944,0.05284241586923599,0.0965367928147316,-0.011381164193153381
20483,1,1.0096707344055176,0.19454269111156464,0.42732083797454834,1.631534218788147,0.8456754684448242,1.8553462028503418
20493,1,0.31777578592300415,0.6364373564720154,0.3751555383205414,1.3293687105178833,0.6215763092041016,0.9393520951271057
20496,1,-0.5200656056404114,-0.7720786333084106,-0.664359450340271,-1.9565036296844482,-0.76547771692276,-1.2855433225631714
20499,1,-0.15399566292762756,-0.12364145368337631,-0.36384180188179016,-0.6414788961410522,-0.1825791448354721,-0.33657480776309967
20510,0,-1.027621865272522,-1.035369873046875,-0.2258155345916748,-2.2888073921203613,-0.19508035480976105,-1.222702220082283
20526,1,0.14873987436294556,0.005541801452636719,-0.3053579032421112,-0.15107622742652893,0.15928782522678375,0.3080276995897293
20531,1,-0.41388970613479614,-0.3965035676956177,-0.5396329760551453,-1.350026249885559,-0.7934988141059875,-1.2073885202407837
20534,1,-0.079788438975811,0.01960168033838272,-0.28324058651924133,-0.3434273600578308,-0.23508203029632568,-0.3148704692721367
20552,0,0.5279584527015686,0.7229612469673157,0.34053027629852295,1.5914499759674072,0.625835657119751,1.1537941098213196
20555,1,-0.14182069897651672,-0.14160361886024475,-0.22639405727386475,-0.5098183751106262,-0.8758037686347961,-1.0176244676113129
20557,1,0.754116415977478,0.40527790784835815,0.14734973013401031,1.30674409866333,-1.2857409715652466,-0.5316245555877686
20560,1,1.6440800428390503,1.3277395963668823,0.6738226413726807,3.6456422805786133,0.2351652830839157,1.879245325922966
20562,1,-0.22382250428199768,-0.47306594252586365,-0.4859286844730377,-1.1828171014785767,0.1866857409477234,-0.03713676333427429
20566,0,0.5202932953834534,0.7273017168045044,0.18967607617378235,1.4372711181640625,0.213373601436615,0.7336668968200684
20589,1,-0.2691766619682312,-0.2177317887544632,0.05283910036087036,-0.43406933546066284,-0.05805295705795288,-0.3272296190261841
20592,1,-0.4772913455963135,-0.19791686534881592,0.13869225978851318,-0.5365159511566162,0.3312045633792877,-0.14608678221702576
20609,1,0.8665226697921753,0.7928937673568726,0.773922324180603,2.4333386421203613,3.4224765300750732,4.2889991998672485
20615,1,1.2956347465515137,1.489722728729248,1.6152009963989258,4.4005584716796875,1.161524772644043,2.4571595191955566
20616,0,1.0824337005615234,1.136592149734497,2.220759153366089,4.439785003662109,0.84775543212890625,1.9301891326904297
20631,1,-0.28010907769203186,0.20157644152641296,-0.7184896469116211,-0.79702228307724,-0.9930205345153809,-1.2731296122074127
20633,1,0.6514387726783752,0.711767852306366,0.5714868307113647,1.934693455696106,1.4299496412277222,2.0813884139060974
20637,1,1.5012046098709106,1.216080904006958,-0.31806284189224243,2.3992226123809814,-0.2866714894771576,1.214533120393753
20649,1,-0.534700334072113,-0.5848079323768616,-0.32039451599121094,-1.4399027824401855,0.5803050398826599,0.045604705810546875
20661,0,1.2082223892211914,1.4932669401168823,1.3137151002883911,4.015204429626465,0.4497525990009308,1.6579749882221222
20664,1,1.7248616218566895,1.043950080871582,1.6063179969787598,4.375129699707031,1.2914074659347534,3.016269087791443
20665,1,-0.8398541212081909,-0.895527720451355,-0.9229625463485718,-2.658344268798828,-0.08073453605175018,-0.9205886572599411
20679,1,-0.4721105098724365,0,-0.29989922046661377,-0.7720097303390503,-0.30875399708747864,-0.7808645069599152
20683,1,0.16370776295661926,0.19470693171024323,0.01403595507144928,0.37245064973831177,-0.6619641780853271,-0.4982564151287079
20685,1,0.2260742485523224,0.32465699315071106,1.2129026651382446,1.7636339664459229,0.5907405018806458,0.8168147504329681
20690,1,0.3540700078010559,0.3364989757537842,0.3170821964740753,1.0076512098312378,0.396161824464798,0.7502318322658539
20703,1,0.052465252578258514,0.003043912351131439,0.015955321490764618,0.07146448642015457,0.271767258644104,0.3242325112223625
20704,1,-0.5093355178833008,-0.5136389136314392,-0.6598132848739624,-1.6827876567840576,-0.5407058596611023,-1.050041377544403
20718,1,1.429437518119812,0.746588945388794,1.518350601196289,3.6943769454956055,0.4246656000614166,1.8541031181812286
20722,1,-1.0912466049194336,-1.1301071643829346,-1.1989331245422363,-3.4202868938446045,-0.30252164602279663,-1.3937682509422302
20724,0,-0.357999324798584,-0.3623869717121124,-0.3406798541545868,-1.0610661506652832,0.19896407425403595,-0.15903525054454803
20725,1,0.5917801856994629,1.3448885679244995,0.5924464464187622,2.5291152000427246,0.8880188465118408,1.4797990322113037
20727,0,1.7334023714065552,3.8269095420837402,2.832455635070801,8.392767906188965,1.8243883848190308,3.557790756225586
20752,1,0.7627789974212646,0,0.8571760654449463,1.619955062866211,1.342599868774414,2.1053788661956787
20756,1,0.17634662985801697,0.7657537460327148,0.16708004474639893,1.1091804504394531,0.6545843482017517,0.8309309780597687
20757,1,0.45576828718185425,0.4513899087905884,0.5728538632392883,1.480012059211731,0.7355360388755798,1.191304326057434
20764,0,-0.12960202991962433,-0.1853943020105362,-0.05864693224430084,-0.37364327907562256,-0.2948724031448364,-0.42447443306446075
20782,1,-0.3215198516845703,-0.398872435092926,-0.409736305475235,-1.1301286220550537,0.12299486994743347,-0.19852498173713684
20784,1,1.4614710807800293,2.19822359085083,0.8048813343048096,4.46457576751709,-0.1833491325378418,1.2781219482421875
20788,1,0.36690255999565125,0.5746646523475647,0.3832409381866455,1.324808120727539,1.3275561332702637,1.694458693265915
20790,1,0.5724709033966064,0,0.7675808668136597,1.3400517702102661,0.18612171709537506,0.7585926204919815
20794,1,0.9712845683097839,0.8449631333351135,0.3382236957550049,2.1544713973999023,0.6077076196670532,1.5789921879768372
20799,0,1.437677025794983,1.728900671005249,0.9708808660507202,4.137458801269531,0.6501361727714539,2.0878131985664368
20801,0,-0.8549332618713379,-0.84175705909729,-0.9522653222084045,-2.6489555835723877,-0.8989374041557312,-1.753870666027069
20803,1,-0.04883609712123871,-0.13284094631671906,0.1153455376625061,-0.06633150577545166,0.35734692215919495,0.30851082503795624
20817,1,-0.3672053813934326,-0.30745789408683777,-0.46613672375679016,-1.1407999992370605,-0.2864152491092682,-0.6536206305027008
20822,1,0.45849040150642395,0.5355104804039001,0.43183571100234985,1.4258365631103516,-0.22203947603702545,0.2364509254693985
20827,1,0.23514434695243835,0.2445545494556427,-0.0729512870311737,0.40674760937690735,0.6006713509559631,0.8358156979084015
20828,1,0.8925458192825317,1.434719443321228,1.1006582975387573,3.4279236793518066,0.38138294219970703,1.2739287614822388
20838,0,-0.3116894066333771,-0.4296084940433502,-0.29138219356536865,-1.0326800346374512,-0.7830072045326233,-1.0946966111660004
20853,1,1.1534878015518188,1.5902470350265503,1.2172406911849976,3.9609756469726562,0.325794517993927,1.4792823195457458
20855,1,0.594667375087738,0.5184750556945801,0.15901651978492737,1.2721589803695679,-0.10657908767461777,0.48808828741312027
20858,1,0.20664730668067932,0.5465964078903198,1.120440125465393,1.8736838102340698,0.8364121913909912,1.0430594980716705
20863,1,-0.19623452425003052,-0.22463861107826233,0.11335417628288269,-0.30751895904541016,0.09625545144081116,-0.09997907280921936
20865,1,1.1138997077941895,0.07199002802371979,-0.49154365062713623,0.6943460702896118,-0.8645502924919128,0.2493494153022766
20867,1,0.45450836420059204,0.4289388656616211,-0.32041415572166443,0.5630331039428711,0.012596170417964458,0.4671045346185565
20882,0,0.09599070996046066,0.7608428001403809,0.04805272817611694,0.9048862457275391,-0.12204653024673462,-0.026055820286273956
20883,1,1.092479944229126,0.9231151342391968,1.579243540763855,3.5948386192321777,1.2073551416397095,2.2998350858688354
20890,1,-0.10030998289585114,-0.1181238442659378,0.4762023687362671,0.25776854157447815,-0.04279452934861183,-0.14310451224446297
20897,1,0.08454588055610657,0.11889098584651947,-0.14859293401241302,0.05484393239021301,-0.8609187006950378,-0.7763728201389313
20902,1,-0.19996501505374908,-0.23784694075584412,-0.07771944254636765,-0.5155314207077026,0.6035987734794617,0.4036337584257126
20908,1,0.3456514775753021,-0.31282368302345276,0.6360521912574768,0.6688799858093262,-0.66378253698349,-0.31813105940818787
20913,0,0.37411612272262573,0.38780462741851807,0.27786731719970703,1.039788007736206,0.6866995692253113,1.060815691947937
20917,1,-0.045660145580768585,-0.31255462765693665,-0.12307438999414444,-0.4812891483306885,1.1403886079788208,1.0947284623980522
20923,1,-0.11966205388307571,-0.1334451138973236,0.0499698668718338,-0.20313730835914612,-0.4457460939884186,-0.5654081478714943
20927,1,-0.6343769431114197,-0.7345829010009766,-0.7985066175460815,-2.167466402053833,-1.82418954372406,-2.4585664868354797
20930,1,-0.6375898718833923,-0.5089182257652283,-0.41314205527305603,-1.559650182723999,-0.6494281888008118,-1.287018060684204
20933,1,1.1632874011993408,1.2227966785430908,1.0840009450912476,3.4700851440429688,1.8367422819137573,3.000029683113098
20934,1,0.9361474514007568,0.7725083231925964,0.27085381746292114,1.9795095920562744,0.39472222328186035,1.3308696746826172
20953,1,0.10481739044189453,0.06365183740854263,-0.6173887252807617,-0.44891950488090515,0.0223411712795496,0.12715856172144413
20956,1,-0.10918394476175308,-0.6427630186080933,-0.4983600378036499,-1.2503069639205933,0.9700953364372253,0.8609113916754723
20973,1,-0.3185558617115021,-0.88205718994140625,-1.292520523071289,-2.493133544921875,-0.13865244388580322,-0.4572083055973053
20982,0,-0.929861307144165,-0.7514117360115051,-0.7323161959648132,-2.4135892391204834,-1.025796890258789,-1.955658197402954
20997,1,-0.45323777198791504,-0.4590924382209778,-0.16682156920433044,-1.0791517496109009,-0.20974735915660858,-0.6629851311445236
20999,0,-0.17822344601154327,1.6610677242279053,0.4825180172920227,1.965362310409546,0.06754952669143677,-0.1106739193201065
21004,1,-0.40348225831985474,-0.14621931314468384,-0.1930123120546341,-0.7427138686180115,0.1558159589767456,-0.24766629934310913
21016,1,-0.5738062262535095,-0.28831613063812256,-0.7570695281028748,-1.6191918849945068,-0.40872547030448914,-0.9825316965579987
21019,0,0.4453345537185669,0.11630763113498688,0.5023367404937744,1.063978910446167,0.10956209897994995,0.5548966526985168
21024,1,0.24598293006420135,0.21126233041286469,0.5331125259399414,0.9903577566146851,0.16217847168445587,0.4081614017486572
21032,1,-0.1189785823225975,-0.12520697712898254,0.0535593181848526,-0.19062623381614685,0.31274646520614624,0.19376788288354874
21050,0,-0.4008551836013794,-0.3544637858867645,-0.6434965133666992,-1.3988155126571655,-1.5447702407836914,-1.9456254243850708
21060,1,0.910708487033844,0.764576256275177,0.9189339876174927,2.5942187309265137,1.3069871664047241,2.217695653438568
21071,1,-0.17839691042900085,-0.2647702693939209,-0.4328979551792145,-0.8760651350021362,-0.41771188378334045,-0.5961087942123413
21074,1,0.5210592746734619,1.2580530643463135,-0.48915788531303406,1.289954423904419,-0.2767924666404724,0.2442668080329895
21077,1,-0.7270976305007935,-0.7871836423873901,-0.35295817255973816,-1.8672394752502441,-0.06922680884599686,-0.7963244393467903
21083,1,-0.3124549388885498,-0.512939989566803,-0.6236443519592285,-1.4490392208099365,0.3827560842037201,0.07030114531517029
21089,1,-0.16086575388908386,-0.26629769802093506,-0.1567886769771576,-0.5839521288871765,-0.249483123421669,-0.41034887731075287
21090,1,-0.5409376621246338,-0.39798468351364136,-0.5445626974105835,-1.4834849834442139,-0.5351110100746155,-1.0760486721992493
21100,1,-0.03753522038459778,-0.32294154167175293,-0.29530009627342224,-0.655776858329773,0.6150503754615784,0.5775151550769806
21106,0,1.2230958938598633,0.901667594909668,1.0504701137542725,3.1752336025238037,0.4102286398410797,1.633324533700943
21107,0,0.12366577982902527,0.26158320903778076,0.3735700845718384,0.7588191032409668,0.6937037110328674,0.8173694908618927
21109,1,-0.07569726556539536,-0.16144207119941711,-0.00701025128364563,-0.2441495954990387,0.322070449590683,0.24637318402528763
21114,1,1.4509472846984863,1.9808791875839233,0.01953928917646408,3.4513657093048096,0.5773718953132629,2.0283191800117493
21115,0,-0.4509802758693695,-0.3803791403770447,-0.3561403453350067,-1.187499761581421,0.033838361501693726,-0.4171419143676758
21116,1,-0.34086769819259644,0,-0.12169285863637924,-0.4625605642795563,1.226788878440857,0.8859211802482605
21123,1,-0.2658204734325409,-0.314147412776947,0.051550060510635376,-0.5284178256988525,4.537766933441162,4.271946460008621
21124,1,0.22025331854820251,-0.004120782017707825,0.33782437443733215,0.553956925868988,0.22276218235492706,0.4430155009031296
21134,1,-0.343339204788208,-0.4396352171897888,-0.32182833552360535,-1.1048027276992798,-1.078255295753479,-1.421594500541687
21138,1,-0.08981427550315857,5.18798828125e-4,0.5474545359611511,0.45815905928611755,0.6682009100914001,0.5783866345882416
21141,1,0.15089276432991028,-0.12216551601886749,0.012069106101989746,0.04079635441303253,0.19072270393371582,0.3416154682636261
21155,1,0.5226336717605591,0.1081378310918808,-0.26654404401779175,0.3642274737358093,-0.23839078843593597,0.2842428833246231
21166,0,-0.536033570766449,-0.6994073987007141,-0.7397333383560181,-1.9751743078231812,-0.9961597919464111,-1.53219336271286
21169,1,0.49595120549201965,0.5291450023651123,0.8414702415466309,1.8665664196014404,0.07186958938837051,0.5678207948803902
21170,0,-0.41492101550102234,-0.4950481355190277,-0.44323650002479553,-1.353205680847168,0.17997826635837555,-0.2349427491426468
21171,1,-0.7261028289794922,-0.6748129725456238,-0.7236487865447998,-2.1245646476745605,-0.39544478058815,-1.1215476095676422
21172,1,-0.5989189743995667,-0.5464351773262024,-1.0303109884262085,-2.1756651401519775,-0.5033312439918518,-1.1022502183914185
21179,1,-0.31292831897735596,-0.17914681136608124,-0.3466360569000244,-0.8387112021446228,-0.03876754269003868,-0.35169586166739464
21183,1,-0.14506663382053375,-0.31054043769836426,-0.09840723872184753,-0.5540143251419067,0.2420707494020462,0.09700411558151245
21188,0,-0.7892887592315674,-0.889641284942627,-0.9106978178024292,-2.589627742767334,-1.1345744132995605e-4,-0.7894022166728973
21202,1,-0.7548038363456726,-0.6925390958786011,-0.631242036819458,-2.078584909439087,-0.46470406651496887,-1.2195079028606415
21218,0,1.5756044387817383,1.3816289901733398,1.8096575736999512,4.766891002655029,0.8979158401489258,2.473520278930664
21224,1,1.3710840940475464,1.4411945343017578,1.304437518119812,4.116716384887695,0.4751511514186859,1.8462352454662323
21230,1,0.7888360023498535,0.7799760699272156,0.9383447170257568,2.5071568489074707,-1.0395671129226685,-0.25073111057281494
21238,0,-0.2567481994628906,-0.34138622879981995,-0.1425323337316513,-0.7406667470932007,-0.2461363822221756,-0.5028845816850662
21255,1,-0.37572339177131653,-0.6484577655792236,-0.5740712285041809,-1.5982524156570435,-0.16355566680431366,-0.5392790585756302
21281,1,0.0019838139414787292,0.025051109492778778,-0.152201309800148,-0.1251663863658905,0.2383130043745041,0.24029681831598282
21282,1,-0.412331759929657,-0.2629518508911133,-0.7579996585845947,-1.4332833290100098,-0.712598979473114,-1.124930739402771
21298,1,0.5318816900253296,1.0771085023880005,0.9163597822189331,2.5253500938415527,0.8010351061820984,1.332916796207428
21304,1,0.16553501784801483,0.4120263457298279,0.47593507170677185,1.0534964799880981,0.5271477699279785,0.6926827877759933
21308,1,0.7195625901222229,0.7679368257522583,0.7533867359161377,2.2408862113952637,0.41421520709991455,1.1337777972221375
21316,1,-0.16566745936870575,0,0.09731912612915039,-0.06834833323955536,-1.3013862371444702,-1.467053696513176
21319,1,0.7875910997390747,0.6849085092544556,0.8170886635780334,2.289588212966919,0.18098248541355133,0.968573585152626
21321,0,-0.027447134256362915,0.04646627604961395,-0.21376845240592957,-0.19474931061267853,-0.3988761901855469,-0.4263233244419098
21332,1,0.58699798583984375,0.4621856212615967,0.08820441365242004,1.137387990951538,-0.645008385181427,-0.05801039934158325
21347,1,0.7320377826690674,0.7370661497116089,0.6906942129135132,2.1597981452941895,0.21518157422542572,0.9472193568944931
21361,1,0.42022204399108887,0.11637990176677704,0.3891829252243042,0.9257848858833313,-0.7039346694946289,-0.28371262550354004
21368,1,-0.1920166313648224,-0.218476802110672,-0.3660012483596802,-0.7764946818351746,-0.7070900797843933,-0.8991067111492157
21371,1,-0.07802191376686096,0.19888021051883698,0.04546172544360161,0.16632002592086792,-0.7144923806190491,-0.79251429438591
21375,0,0.619833767414093,1.2360990047454834,0.08342860639095306,1.939361333847046,0.20748551189899445,0.8273192793130875
21385,1,-1.030903697013855,-1.1289567947387695,-0.8393903374671936,-2.999250888824463,-0.9831798076629639,-2.014083504676819
21397,0,-0.6108309030532837,-0.5705975294113159,-0.5864961743354797,-1.7679245471954346,-1.0501514673233032,-1.660982370376587
21399,1,-0.44259557127952576,-0.4811529219150543,-0.19191014766693115,-1.1156586408615112,-0.23501646518707275,-0.6776120364665985
21404,1,-0.6218291521072388,-0.579628586769104,-0.34077733755111694,-1.5422351360321045,0.5306771397590637,-0.09115201234817505
21429,1,0.8428770303726196,1.2530879974365234,1.6409004926681519,3.736865520477295,0.2979809045791626,1.1408579349517822
21431,1,-0.04368145763874054,0.0528281033039093,-0.2872846722602844,-0.27813804149627686,-0.6433296799659729,-0.6870111376047134
21444,1,-0.0693972259759903,-0.047465503215789795,-0.27070245146751404,-0.3875651955604553,-0.01895984634757042,-0.08835707232356071
21446,1,-0.8283787965774536,0.7257399559020996,0.3897787034511566,0.2871398627758026,-0.10043806582689285,-0.9288168624043465
21452,1,-0.7743831276893616,-0.7174443602561951,-1.0919262170791626,-2.5837535858154297,-0.6171095967292786,-1.3914927244186401
21453,1,-0.071195088326931,0.2821461856365204,-0.6013413667678833,-0.3903902769088745,-0.3893394470214844,-0.4605345353484154
21511,1,-0.35475248098373413,-0.27980753779411316,-0.5159883499145508,-1.1505483388900757,0.061001162976026535,-0.2937513180077076
21516,1,-0.367546409368515,-0.5684692859649658,-0.5535686016082764,-1.4895843267440796,-1.9638932943344116,-2.3314397037029266
21517,0,-0.07860718667507172,-8.543580770492554e-4,-0.18399980664253235,-0.2634613513946533,-0.07710540294647217,-0.15571258962154388
21519,1,1.224200963973999,1.6300950050354004,1.2068263292312622,4.061122417449951,0.8029951453208923,2.0271961092948914
21522,1,0.3468770384788513,0.06752538681030273,-0.29108554124832153,0.12331688404083252,-0.8513768315315247,-0.5044997930526733
21533,0,-0.4727858603000641,-0.39872702956199646,-0.3980840742588043,-1.2695969343185425,1.0825833082199097,0.6097974479198456
21537,0,2.8531713485717773,1.6076431274414062,1.4028655290603638,5.863679885864258,0.6425668001174927,3.49573814868927
21540,0,0.8579973578453064,1.0403833389282227,0.36495596170425415,2.263336658477783,-0.20694082975387573,0.6510565280914307
21543,1,-0.10728789865970612,-0.13615970313549042,-0.16709043085575104,-0.4105380177497864,-0.4510064423084259,-0.558294340968132
21548,0,4.668517112731934,0.3102933168411255,1.9027379751205444,6.8815484046936035,0.5073601007461548,5.175877213478088
21558,0,0.20039494335651398,-0.2259363830089569,-0.3375665545463562,-0.36310797929763794,-0.10625401884317398,0.09414092451334
21561,1,-0.20555612444877625,-0.35334643721580505,0.014168530702590942,-0.544734001159668,-0.23703797161579132,-0.44259409606456757
21566,1,-0.41696423292160034,-0.44692176580429077,-0.2737577259540558,-1.1376436948776245,-0.9621803164482117,-1.379144549369812
21585,1,1.2450982332229614,1.0363065004348755,0.6942941546440125,2.975698947906494,-0.5058555006980896,0.7392427325248718
21588,1,-1.2098875045776367,-1.2217943668365479,-1.341820240020752,-3.7735021114349365,-1.5962527990341187,-2.8061403036117554
21593,1,0.014856882393360138,0.8756647109985352,0.4186999499797821,1.3092215061187744,-0.01888306997716427,-0.0040261875838041306
21602,1,0.3433380722999573,0.10568010807037354,0.19057214260101318,0.639590322971344,-0.2633880376815796,0.07995003461837769
21613,1,-0.04199725389480591,-0.14204248785972595,-0.29419443011283875,-0.4782341718673706,-0.10334843397140503,-0.14534568786621094
21628,1,-0.28668153285980225,-0.3321988880634308,-0.2303134799003601,-0.8491939306259155,-0.8567853569984436,-1.1434668898582458
21634,1,0.650817334651947,0.6092612743377686,0.7752421498298645,2.03532075881958,0.6303961277008057,1.2812134623527527
21644,1,0.6565123200416565,0.6484593152999878,0.4003015160560608,1.705273151397705,0.580205500125885,1.2367178201675415
21646,0,0.5196722745895386,0.7766305208206177,0.4624329209327698,1.7587356567382812,0.48277047276496887,1.0024427473545074
21652,1,-0.7054845094680786,-0.5842352509498596,-0.1375928819179535,-1.4273126125335693,-0.861386239528656,-1.5668707489967346
21667,0,2.91386079788208,2.824108123779297,1.7939802408218384,7.531949043273926,1.1892069578170776,4.103067755699158
21677,1,0.18512850999832153,-0.012936167418956757,0.28394144773483276,0.45613378286361694,0.5853336453437805,0.770462155342102
21681,0,-0.2749153673648834,-0.07433117926120758,-0.07660011202096939,-0.425846666097641,0.258706271648407,-0.01620909571647644
21700,1,-0.0316004678606987,0,0.31245899200439453,0.28085851669311523,0.28842130303382874,0.25682083517313004
21701,1,0.19848224520683289,0.012621641159057617,0.7059746980667114,0.9170786142349243,0.34257879853248596,0.5410610437393188
21702,0,0.4222312271595001,0.8542767763137817,0.709702730178833,1.9862107038497925,0.9406450390815735,1.3628762662410736
21705,1,0.9685102701187134,0,1.3814339637756348,2.3499441146850586,3.1356401443481445,4.104150414466858
21711,1,-0.2972533702850342,-0.3109104633331299,0.18101418018341064,-0.4271496534347534,0.044611960649490356,-0.2526414096355438
21725,1,0.6535618305206299,0.38513436913490295,0.8132321834564209,1.8519283533096313,0.22240948677062988,0.8759713172912598
21727,1,0.6067180633544922,-0.030415676534175873,-0.06461732089519501,0.5116850733757019,0.26508867740631104,0.8718067407608032
21749,0,0.16323551535606384,0.3253055214881897,0.7471226453781128,1.235663652420044,0.5830287933349609,0.7462643086910248
21750,1,0.8017125129699707,0.5877251625061035,0.18954099714756012,1.5789786577224731,0.7686951756477356,1.5704076886177063
21760,1,0.09318599104881287,0.17660027742385864,0.15731337666511536,0.42709964513778687,0.6538938283920288,0.7470798194408417
21769,0,0.5033604502677917,0.48682039976119995,-0.22329062223434448,0.7668902277946472,-0.5602148175239563,-0.05685436725616455
21772,1,0.4071996808052063,0.422262966632843,0.3273391127586365,1.156801700592041,0.4321165084838867,0.839316189289093
21783,0,0.8510222434997559,0.6281861066818237,1.0523815155029297,2.531589984893799,0.11607217788696289,0.96709442138671875
21788,1,-0.4133993089199066,-0.36785033345222473,-0.2724849581718445,-1.053734540939331,0.13744674623012543,-0.2759525626897812
21792,1,-0.2546950578689575,0.03152643144130707,0.0882011204957962,-0.13496750593185425,-0.10531146079301834,-0.36000651866197586
21797,1,0.17562335729599,-0.0709284171462059,0.028908684849739075,0.13360363245010376,0.8314242959022522,1.0070476531982422
21798,1,-0.5794969201087952,-0.6975480914115906,-0.6971970796585083,-1.974242091178894,0.4676682949066162,-0.11182862520217896
21839,1,2.3300492763519287,0.8332648277282715,1.8350257873535156,4.998339653015137,-0.06821148097515106,2.2618377953767776
21840,1,0.11432523280382156,-0.18085134029388428,-0.26344454288482666,-0.32997065782546997,-0.2523398697376251,-0.13801463693380356
21841,0,0.5114544034004211,0.6002934575080872,0.64103102684021,1.7527788877487183,0.25669342279434204,0.7681478261947632
21858,1,-0.16328661143779755,-0.21524594724178314,-0.5016424655914307,-0.880174994468689,-0.28789788484573364,-0.4511844962835312
21862,0,0.5632792711257935,0.5574560165405273,-0.1382998377084732,0.9824354648590088,-0.41092729568481445,0.152351975440979
21863,1,-0.5669512748718262,-0.2840491831302643,-0.7387367486953735,-1.5897371768951416,-0.6845674514770508,-1.251518726348877
21866,1,0.8603941798210144,0.4228805899620056,-0.0240258127450943,1.259248971939087,-0.1158166155219078,0.7445775642991066
21883,1,-0.3277817368507385,-0.4152573347091675,-0.08200623095035553,-0.8250452876091003,0.22882848978042603,-0.0989532470703125
21886,0,0.14816617965698242,0.18180762231349945,0.2690929174423218,0.5990667343139648,-0.16926217079162598,-0.021095991134643555
21896,1,-0.010079383850097656,0.12005157768726349,0.1823998987674713,0.29237210750579834,0.011810054071247578,0.0017306702211499214
21907,1,0.20511069893836975,0.29810553789138794,0.5383188724517822,1.0415351390838623,-0.3982808589935303,-0.19317016005516052
21911,1,2.0405895709991455,1.9382667541503906,2.089169979095459,6.068026542663574,1.3589482307434082,3.3995378017425537
21922,0,0.3609822988510132,0.295206218957901,0.7683144807815552,1.424502968788147,0.9364099502563477,1.2973922491073608
21931,1,-0.10902103036642075,-0.08839605748653412,-0.510185718536377,-0.7076027989387512,0.043138135224580765,-0.06588289514183998
21935,1,0.4123915433883667,0.006913930177688599,0.22028154134750366,0.6395870447158813,-0.29251205921173096,0.11987948417663574
21941,1,0.6418451070785522,0.8894929885864258,0.8630313873291016,2.394369602203369,0.5678038001060486,1.2096489071846008
21946,0,-0.6641782522201538,0.37206342816352844,-0.4426317512989044,-0.7347465753555298,0.39113378524780273,-0.2730444669723511
21960,1,-0.381368488073349,-0.5168263912200928,-0.5907374620437622,-1.4889323711395264,0.22485153377056122,-0.15651695430278778
21973,1,-0.26933521032333374,-0.050382643938064575,0.1924373209476471,-0.12728053331375122,0.10863327234983444,-0.1607019379734993
21986,1,-0.8745894432067871,-0.8924804925918579,-0.9820675849914551,-2.7491374015808105,0.2270277738571167,-0.6475616693496704
21987,1,1.5494787693023682,1.4510217905044556,1.1425600051879883,4.143060684204102,2.0257022380828857,3.575181007385254
21991,1,-0.18702758848667145,0.03022339940071106,0.1693333089351654,0.012529119849205017,0.49946311116218567,0.3124355226755142
21997,1,-0.4720194637775421,-0.48643431067466736,-0.3649245798587799,-1.323378324508667,-0.44406530261039734,-0.9160847663879395
22007,0,0.4749559760093689,0.19187040627002716,-0.11079193651676178,0.5560344457626343,0.27310046553611755,0.7480564415454865
22012,1,-0.14389795064926147,-0.2525339126586914,0.6844003796577454,0.2879685163497925,0.20849235355854034,0.06459440290927887
22018,1,1.252350926399231,2.073986053466797,0.8449102640151978,4.171247482299805,0.9853560328483582,2.237706959247589
22035,1,0.3637937307357788,0.38972896337509155,-0.16475187242031097,0.5887708067893982,-0.5410884022712708,-0.17729467153549194
22040,1,-0.13703295588493347,-0.6619226336479187,-0.3070322275161743,-1.105987787246704,0.4024995267391205,0.265466570854187
22057,1,-0.006807051599025726,0.19352033734321594,-0.38723495602607727,-0.20052167773246765,-0.004531244281679392,-0.011338295880705118
22070,1,-0.3315608501434326,-0.5298286080360413,-0.7607473134994507,-1.6221368312835693,-0.9124862551689148,-1.2440471053123474
22073,0,0.2830226719379425,0.023502185940742493,0.06203128397464752,0.3685561418533325,-0.3488485813140869,-0.06582590937614441
22074,1,-0.2908160984516144,-0.21783939003944397,-0.24853107333183289,-0.7571865320205688,-0.6605219841003418,-0.9513380825519562
22075,1,-0.15790049731731415,-0.016647808253765106,0.9516971707344055,0.7771488428115845,-0.15945212543010712,-0.31735262274742126
22080,1,0.1996493935585022,0.18953558802604675,0.6465441584587097,1.035729169845581,-0.7055863738059998,-0.5059369802474976
22084,1,-0.07851821184158325,-0.2723594903945923,0.296062171459198,-0.05481553077697754,0.5933688282966614,0.5148506164550781
22093,1,-0.07247334718704224,-0.051665812730789185,0.18175309896469116,0.05761393904685974,0.5691043734550476,0.49663102626800537
22096,1,-0.7818194627761841,-0.8743572235107422,-0.7238773107528687,-2.380053997039795,0.10334678739309311,-0.678472675383091
22097,0,0.7983304262161255,1.7679517269134521,0.2905394732952118,2.8568215370178223,0.056515712291002274,0.8548461385071278
22113,1,0.31123417615890503,0.3612048625946045,0.26249080896377563,0.9349298477172852,-0.781819760799408,-0.47058558464050293
22119,0,-0.6664897799491882,-0.7101463079452515,-0.5365104675292969,-1.9131464958190918,-0.14678025245666504,-0.8132700324058533
22125,1,-0.35528382658958435,-0.44104471802711487,-0.5243017673492432,-1.3206303119659424,-0.25025632977485657,-0.6055401563644409
22128,1,-0.5967543721199036,-0.45902833342552185,-0.7585328221321106,-1.8143155574798584,-0.38525938987731934,-0.9820137619972229
22133,1,-0.81961822509765625,-0.9607787132263184,-0.9723532795906067,-2.7527501583099365,-0.315888375043869,-1.1355066001415253
22134,0,0.32710641622543335,0.10088811814785004,0.0670754611492157,0.4950699806213379,0.4653948247432709,0.7925012409687042
22156,1,0.8036577701568604,0.36265528202056885,0.15571223199367523,1.3220252990722656,0.0030745367985218763,0.8067323069553822
22166,1,-0.37176740169525146,-0.3142653703689575,-0.320601224899292,-1.006633996963501,-1.3611279726028442,-1.7328953742980957
22170,1,0.12025544792413712,0.264030784368515,-0.16425219178199768,0.22003403306007385,0.6535070538520813,0.7737625017762184
22182,1,-0.33123457431793213,-0.41007333993911743,-0.16405223309993744,-0.9053601622581482,0.34466084837913513,0.013426274061203003
22183,1,-0.1434091031551361,-0.28678131103515625,0.4872400164604187,0.05704960227012634,1.4352521896362305,1.2918430864810944
22195,1,-0.4942830204963684,-0.47276341915130615,0.046693235635757446,-0.9203531742095947,-0.5134425163269043,-1.0077255368232727
22196,1,-0.6020721197128296,-0.8142451047897339,-0.1603074073791504,-1.5766246318817139,0.393347829580307,-0.20872429013252258
22200,1,-0.3360552489757538,-0.34427952766418457,-0.5762940645217896,-1.2566288709640503,-1.7098134756088257,-2.0458687245845795
22209,1,-0.30959299206733704,-0.27229973673820496,-0.11843962967395782,-0.7003323435783386,-0.6849708557128906,-0.9945638477802277
22212,0,-0.49266865849494934,-0.16935212910175323,-0.07993130385875702,-0.7419520616531372,-0.6598730683326721,-1.1525417268276215
22216,1,1.0645546913146973,1.0886725187301636,0.8655109405517578,3.018738269805908,0.7886039614677429,1.8531586527824402
22218,1,2.1208157539367676,2.6651580333709717,2.169104814529419,6.955078601837158,1.5198062658309937,3.6406220197677612
22224,1,-0.19279375672340393,0,-0.010197237133979797,-0.20299099385738373,-0.2449386715888977,-0.43773242831230164
22228,1,-0.1544051170349121,-0.08103690296411514,-0.016393154859542847,-0.2518351674079895,0.2644759714603424,0.1100708544254303
22240,1,-0.11806483566761017,-0.02819831669330597,0.9039999842643738,0.7577368021011353,0.6430308222770691,0.5249659866094589
22241,1,0.25372329354286194,0.06583750993013382,0.31298330426216125,0.6325441002845764,-0.6321931481361389,-0.378469854593277
22242,1,0.11695997416973114,0.19347146153450012,0.053193286061286926,0.3636247217655182,-0.1731974333524704,-0.05623745918273926
22251,1,0.15774306654930115,0.15957316756248474,0.3005256652832031,0.617841899394989,0.9108614325523376,1.0686044991016388
22253,0,2.6610002517700195,1.1031568050384521,1.3336645364761353,5.0978217124938965,0.26830437779426575,2.9293046295642853
22276,1,-0.005563922226428986,0.07663672417402267,-0.058849602937698364,0.012223199009895325,0.8268992304801941,0.8213353082537651
22285,1,0.727873682975769,0.7029895782470703,0.7120388746261597,2.142902135848999,-0.38503751158714294,0.3428361713886261
22290,1,0.31491467356681824,-0.0016969641437754035,-0.8582873940467834,-0.545069694519043,-1.0126765966415405,-0.6977619230747223
22303,1,0.0784481093287468,0.272871196269989,0.1830798238515854,0.534399151802063,-0.18607892096042633,-0.10763081163167953
22318,1,1.3502532243728638,1.0935554504394531,1.017368197441101,3.461176872253418,-0.3345979154109955,1.0156553089618683
22319,1,-0.7533127665519714,-0.8087878227233887,-0.7027750015258789,-2.264875650405884,-0.3389275372028351,-1.0922403037548065
22334,1,0.5478960871696472,0.6659039258956909,0.5577058792114258,1.7715058326721191,0.09415844082832336,0.6420545279979706
22350,1,-0.4241136610507965,-0.4850178062915802,-0.5808844566345215,-1.490015983581543,-0.33911094069480896,-0.7632246017456055
22370,1,0.21603578329086304,0,0.45004701614379883,0.6660827994346619,0.3813772201538086,0.5974130034446716
22376,0,0.16958190500736237,0.0722355842590332,0.13742302358150482,0.3792405128479004,0.11256296187639236,0.28214486688375473
22390,1,-0.08066754788160324,0.0949333980679512,-0.36241281032562256,-0.3481469750404358,-0.2835812270641327,-0.36424877494573593
22394,1,0.48762431740760803,0.5936365723609924,0.606835663318634,1.688096523284912,0.4643915593624115,0.9520158767700195
22399,1,-0.7388190031051636,-0.6920560598373413,2.038177490234375,0.6073024272918701,-0.4332629144191742,-1.1720819175243378
22404,0,-0.21026363968849182,-0.28375619649887085,0.30192747712135315,-0.19209235906600952,0.8548761010169983,0.6446124613285065
22405,0,-0.2786675989627838,0.5226280093193054,-0.046184077858924866,0.19777633249759674,0.47143492102622986,0.19276732206344604
22417,1,-0.18143093585968018,-0.15026596188545227,-0.18128134310245514,-0.5129782557487488,-0.03863165155053139,-0.22006258741021156
22421,1,-0.07418030500411987,-0.1862713098526001,-0.10729450732469559,-0.36774611473083496,-0.547865092754364,-0.6220453977584839
22426,1,-0.4550095796585083,0.3480679392814636,-0.28052639961242676,-0.38746803998947144,-0.6690056920051575,-1.1240152716636658
22429,1,1.42824387550354,1.0107721090316772,1.8260228633880615,4.265038967132568,1.1573554277420044,2.5855993032455444
22430,1,-0.2699742317199707,-0.27827033400535583,0.0776333212852478,-0.47061124444007874,-0.37781333923339844,-0.6477875709533691
22435,1,-0.20791608095169067,-0.1277250051498413,0.19659194350242615,-0.13904914259910583,1.41543447971344,1.2075183987617493
22446,1,-0.26378318667411804,-0.22551101446151733,-0.01158665120601654,-0.5008808374404907,0.32400551438331604,0.060222327709198
22447,1,0.74489593505859375,1.0821809768676758,0.5810497999191284,2.4081268310546875,0.181818887591362,0.9267148226499557
22462,1,-0.04431188106536865,0.022043168544769287,1.055237054824829,1.032968282699585,-0.3041658103466034,-0.34847769141197205
22465,1,-0.1914425492286682,-0.25170066952705383,0.7394681572914124,0.2963249385356903,0.49870482087135315,0.30726227164268494
22468,1,-0.009070277214050293,-0.03949233889579773,0.25574415922164917,0.20718154311180115,0.35453733801841736,0.34546706080436707
22469,1,-0.1032368466258049,0,0.414867639541626,0.3116307854652405,0.14156952500343323,0.038332678377628326
22472,1,-0.3709331452846527,-0.3911214768886566,-0.34973186254501343,-1.1117864847183228,-0.41244521737098694,-0.7833783626556396
22473,1,0.03312210738658905,0.09762264043092728,1.232784390449524,1.363529086112976,-0.20158128440380096,-0.16845917701721191
22491,0,0.016341760754585266,0.01295420527458191,-0.1485704630613327,-0.11927449703216553,-0.6172637343406677,-0.6009219735860825
22495,1,-0.7601718306541443,-0.8455063104629517,-0.8643611669540405,-2.4700393676757812,0.016809633001685143,-0.7433621976524591
22500,1,0.367481529712677,0.2403809279203415,-0.5491042137145996,0.058758243918418884,0.2357044368982315,0.6031859666109085
22503,1,0.10271649062633514,0.16345863044261932,0.072910837829113,0.33908596634864807,-0.7374123930931091,-0.634695902466774
22509,1,0.44768455624580383,0.26976916193962097,0.39870089292526245,1.116154670715332,0.04052485153079033,0.48820940777659416
22512,0,-0.3148946166038513,-0.35269948840141296,-0.15245282649993896,-0.8200469017028809,0.17926578223705292,-0.1356288343667984
22513,1,-0.7286325693130493,-0.16957487165927887,0.048129692673683167,-0.850077748298645,-0.2037874013185501,-0.9324199706315994
22519,1,0.1254960596561432,0.14831139147281647,0.47115135192871094,0.7449588179588318,-0.2785203158855438,-0.15302425622940063
22528,1,0.33411216735839844,0.45191359519958496,0.3750295639038086,1.161055326461792,0.28091520071029663,0.6150273680686951
22532,1,0.12184684723615646,0.32475775480270386,-0.2701563835144043,0.17644822597503662,-0.6671705842018127,-0.5453237369656563
22539,1,0.9986473917961121,2.898144006729126,3.7299623489379883,7.626753807067871,1.1779998540878296,2.1766472458839417
22544,1,-0.9915822744369507,-1.2226340770721436,-1.1880024671554565,-3.402218818664551,-1.23245370388031,-2.2240359783172607
22545,1,-0.8483093976974487,-0.7535560727119446,-1.2848446369171143,-2.8867101669311523,-0.9693436026573181,-1.8176530003547668
22548,0,-1.0455029010772705,-0.9069911241531372,-0.9099897146224976,-2.8624837398529053,-1.2350295782089233,-2.280532479286194
22549,1,0.012033738195896149,-0.00813797116279602,0.11530391126871109,0.11919967830181122,-0.452737420797348,-0.4407036826014519
22553,0,-0.482673317193985,-0.5389271974563599,-0.4742676019668579,-1.4958680868148804,0.08823719620704651,-0.3944361209869385
22554,0,-0.1482720971107483,-0.20562812685966492,-0.5623165965080261,-0.9162168502807617,0.006468156818300486,-0.1418039402924478
22572,1,-0.7117997407913208,-0.7951182126998901,-0.9782550930976868,-2.485172986984253,-1.418189525604248,-2.129989266395569
22578,1,0.23372243344783783,0.15655677020549774,0.17600776255130768,0.5662869811058044,0.40005752444267273,0.6337799578905106
22590,1,-0.2717355787754059,-0.1822899580001831,-0.047010064125061035,-0.5010355710983276,-0.023330384865403175,-0.29506596364080906
22601,1,-0.6333482265472412,-0.6200106143951416,0.3983888626098633,-0.8549699783325195,-0.040125150233507156,-0.6734733767807484
22608,1,-0.6540566086769104,-0.757768988609314,-0.209795281291008,-1.6216208934783936,-0.34440746903419495,-0.9984640777111053
22614,1,-0.7840894460678101,-0.8322972059249878,-0.6137982606887817,-2.230185031890869,-0.3721674680709839,-1.156256914138794
22618,0,-1.121885061264038,-1.103419542312622,-1.0114752054214478,-3.2367796897888184,0.024913514032959938,-1.0969715472310781
22624,1,-1.0183649063110352,-1.0617034435272217,-1.194023847579956,-3.274092197418213,-0.46516430377960205,-1.4835292100906372
22630,0,1.0989758968353271,1.1416208744049072,1.3563350439071655,3.5969319343566895,0.9204151034355164,2.0193910002708435
22645,1,-1.2210495471954346,-1.3431777954101562,-1.4498555660247803,-4.014082908630371,-1.7439970970153809,-2.9650466442108154
22649,1,-1.3490617275238037,-1.4330532550811768,-1.4143495559692383,-4.196464538574219,-1.2123212814331055,-2.561383008956909
22658,1,0.6256404519081116,0.12949198484420776,0.21518513560295105,0.9703176021575928,-0.45498165488243103,0.17065879702568054
22659,1,-0.07933638244867325,-0.10252317786216736,-0.5384406447410583,-0.7203001976013184,0.43898558616638184,0.3596492037177086
22663,1,-0.8509812355041504,0,-1.0221140384674072,-1.8730952739715576,-0.7924667000770569,-1.6434479355812073
22664,1,-0.6429244875907898,-0.4383956491947174,-0.3491774797439575,-1.430497646331787,-1.0871012210845947,-1.7300257086753845
22678,0,-0.8361740708351135,-0.9113015532493591,-1.0572630167007446,-2.8047385215759277,-1.178328275680542,-2.0145023465156555
22679,1,-0.5164703726768494,0,-0.31579113006591797,-0.8322615027427673,0.861457347869873,0.3449869751930237
22684,1,-0.09379555284976959,0.356431782245636,-0.1446807086467743,0.1179555207490921,-0.482774019241333,-0.5765695720911026
22693,0,-0.9656142592430115,-1.052066683769226,-0.8576778173446655,-2.875358819961548,-1.5502978563308716,-2.515912115573883
22694,1,-0.47454679012298584,-0.6862491369247437,-0.8245341777801514,-1.9853301048278809,-0.9236330986022949,-1.3981798887252808
22696,1,-0.7899694442749023,-0.806762158870697,-0.5934499502182007,-2.1901814937591553,-0.14464452862739563,-0.934613972902298
22716,1,-0.10850425064563751,0.1834229677915573,-0.4039344787597656,-0.3290157616138458,-0.16098910570144653,-0.26949335634708405
22724,1,-0.2745484411716461,-0.33099305629730225,0.24694572389125824,-0.3585957884788513,0.5278449654579163,0.25329652428627014
22727,1,-0.7696783542633057,-0.7886235117912292,-0.6341017484664917,-2.192403554916382,-1.6332851648330688,-2.4029635190963745
22728,1,-0.7027792930603027,-0.7311592698097229,-0.6534863710403442,-2.0874249935150146,-0.23649638891220093,-0.9392756819725037
22734,1,-0.7463219165802002,-0.6906239986419678,-0.8892173767089844,-2.3261632919311523,-1.5238898992538452,-2.2702118158340454
22737,1,-0.02259005606174469,-0.0753922164440155,-0.3222486078739166,-0.4202308654785156,-0.19572730362415314,-0.21831735968589783
22746,0,-0.9671361446380615,-0.23970136046409607,-0.7898612022399902,-1.9966987371444702,-1.4433774948120117,-2.4105136394500732
22749,1,-0.91964191198349,-0.987971842288971,-1.1605466604232788,-3.0681605339050293,-0.7098369598388672,-1.6294788718223572
22759,1,-0.7578644156455994,-0.5792293548583984,-0.23092547059059143,-1.5680192708969116,0.12669865787029266,-0.6311657577753067
22760,1,-1.1252323389053345,-1.1137685775756836,-1.2117464542388916,-3.450747489929199,-0.2791958749294281,-1.4044282138347626
22764,0,-0.6460958123207092,-0.6919155120849609,-0.4623337388038635,-1.8003450632095337,-0.8311176300048828,-1.477213442325592
22773,1,0.49461084604263306,0.5667418241500854,1.656255841255188,2.7176084518432617,0.09279745072126389,0.5874082967638969
22779,1,-0.6209768652915955,-0.5994070172309875,-0.661429762840271,-1.881813645362854,-0.6402599215507507,-1.2612367868423462
22785,1,0.2461112141609192,0.2830296754837036,0.4754069745540619,1.0045478343963623,0.4598962068557739,0.7060074210166931
22800,1,0.36647555232048035,0.30851155519485474,0.7219245433807373,1.39691162109375,0.5347545742988586,0.901230126619339
22814,1,-0.40021562576293945,-0.240781769156456,0,-0.6409974098205566,0.29137122631073,-0.10884439945220947
22818,1,-0.5883612632751465,-0.684040367603302,-0.5522681474685669,-1.8246698379516602,-0.7804505228996277,-1.3688117861747742
22820,1,-0.09262429922819138,-0.09781702607870102,0.2075352966785431,0.017093971371650696,0.4117473363876343,0.3191230371594429
22826,1,-0.9169666767120361,-0.9445263147354126,-1.078171968460083,-2.939664840698242,-0.7207266688346863,-1.6376933455467224
22829,1,-0.46553951501846313,-0.2993709146976471,-0.11575980484485626,-0.8806702494621277,-0.525087296962738,-0.9906268119812012
22830,1,-0.22844840586185455,-0.2122967392206192,-0.19081462919712067,-0.6315597891807556,0.8785896897315979,0.6501412838697433
22857,0,-1.2160109281539917,-1.4049336910247803,-1.4242035150527954,-4.045147895812988,-1.5131630897521973,-2.729174017906189
22859,0,-1.0829492807388306,-0.9905511736869812,-1.071898341178894,-3.1453988552093506,-0.9385294914245605,-2.021478772163391
22863,1,-0.7054533362388611,-0.8395020961761475,-0.9706863760948181,-2.515641689300537,-0.2375190258026123,-0.9429723620414734
22871,1,-0.9179699420928955,-0.8948935270309448,-1.1548879146575928,-2.9677515029907227,-0.898020327091217,-1.8159902691841125
22872,1,0.09780353307723999,-0.2428906261920929,-0.01293894648551941,-0.15802603960037231,-0.21352894604206085,-0.11572541296482086
22873,1,-0.25832000374794006,-0.3661978244781494,-0.4016537070274353,-1.0261715650558472,0.11675965785980225,-0.14156034588813782
22875,1,-0.5707326531410217,-0.6801619529724121,-0.7776545286178589,-2.0285491943359375,-1.1361160278320312,-1.706848680973053
22877,1,-0.5238381624221802,-0.5642401576042175,-0.801421046257019,-1.8894994258880615,-0.3095029890537262,-0.8333411514759064
22880,0,-0.5017432570457458,-0.5397315621376038,-0.6100678443908691,-1.6515426635742188,0.5097025036811829,0.007959246635437012
22890,1,-1.144071102142334,-1.1226928234100342,-1.1304340362548828,-3.397197961807251,-0.4642369747161865,-1.6083080768585205
22895,1,0.15239126980304718,0.20297734439373016,-0.37389323115348816,-0.018524616956710815,-0.5068235397338867,-0.35443226993083954
22900,1,-0.7076320648193359,-0.8628032803535461,-0.5267190933227539,-2.097154378890991,0.06531858444213867,-0.6423134803771973
22924,1,-0.7674894332885742,-0.6976879835128784,-0.63637775182724,-2.101555109024048,0.39716288447380066,-0.37032654881477356
22929,0,0.18260440230369568,0.39799460768699646,0.8352745175361633,1.4158735275268555,-0.31236302852630615,-0.12975862622261047
22953,0,-0.8517163991928101,-0.9232896566390991,-0.5793111324310303,-2.3543171882629395,0.3320971727371216,-0.5196192264556885
22954,0,-0.3890887200832367,-0.33273276686668396,-0.7704144716262817,-1.4922358989715576,1.059097409248352,0.6700086891651154
22961,1,-0.8426669836044312,-0.8942763805389404,-0.38033056259155273,-2.1172738075256348,0.33924055099487305,-0.5034264326095581
22980,1,0.05978185683488846,0.015189990401268005,-0.25757479667663574,-0.18260294198989868,0,0.05978185683488846
22990,1,-0.14706279337406158,0.13140426576137543,0.4100915789604187,0.39443305134773254,-0.005240479949861765,-0.15230327332392335
22996,1,-0.4210183918476105,-0.5084866881370544,0.3717675507068634,-0.5577375292778015,-0.019412407651543617,-0.4404307994991541
23000,1,0.535748302936554,-0.25672757625579834,-0.011823654174804688,0.26719707250595093,0.17880995571613312,0.7145582586526871
23006,1,0.12127373367547989,0.13386112451553345,0.23055914044380188,0.4856939911842346,0.06851529330015182,0.18978902697563171
23018,1,0.37644630670547485,0.1403171271085739,0.28602367639541626,0.8027871251106262,-0.059624120593070984,0.31682218611240387
23020,1,-0.28005117177963257,-0.587918758392334,-0.3934679627418518,-1.2614378929138184,-0.16944469511508942,-0.449495866894722
23024,0,0.09632453322410583,0.06629136204719543,0.5969551801681519,0.7595710754394531,0.1117846667766571,0.20810920000076294
23026,1,-0.488598108291626,-0.2796995937824249,-0.27311971783638,-1.0414173603057861,-1.1905207633972168,-1.6791188716888428
23042,0,-0.3958466053009033,-0.587852954864502,-0.8864408731460571,-1.8701404333114624,-0.45311102271080017,-0.8489576280117035
23054,1,-0.5764310359954834,0,-0.4511677920818329,-1.0275988578796387,0.14148133993148804,-0.43494969606399536
23065,1,-0.30825281143188477,-0.2336016297340393,-0.08663870394229889,-0.6284931302070618,0.0528307668864727,-0.25542204454541206
23069,1,-0.1679707169532776,-0.30773967504501343,-0.07930906116962433,-0.5550194382667542,0.4841909110546112,0.3162201941013336
23072,1,0.1633985936641693,0.24327558279037476,0.732270359992981,1.1389445066452026,-0.2862149178981781,-0.12281632423400879
23074,1,0.8803457617759705,0.13569135963916779,0.45246466994285583,1.4685018062591553,-0.11928495019674301,0.7610608115792274
23084,1,-0.9004460573196411,-0.8142104744911194,-1.1857576370239258,-2.900414228439331,-0.07883458584547043,-0.9792806431651115
23089,1,-0.3967858552932739,-0.2400328814983368,-0.33805570006370544,-0.9748744368553162,-0.8738453984260559,-1.2706312537193298
23094,1,-0.2476116120815277,-0.11493565142154694,0.449334055185318,0.08678679168224335,0.107988141477108,-0.1396234706044197
23098,1,-0.5839325189590454,-0.6187430024147034,-0.0955607146024704,-1.2982362508773804,0.35631975531578064,-0.22761276364326477
23104,1,-0.30909812450408936,-0.34918493032455444,-0.7446702122688293,-1.4029532670974731,-0.2144511491060257,-0.523549273610115
23105,0,-0.5501218438148499,-0.44389644265174866,-0.9616905450820923,-1.9557088613510132,-1.0830726623535156,-1.6331945061683655
23106,0,-0.6086385846138,-0.8460456728935242,-0.6454508304595947,-2.100135087966919,-0.5547088980674744,-1.1633474826812744
23121,0,-0.5620386004447937,-0.5064966678619385,-0.5457788109779358,-1.614314079284668,-0.5181936621665955,-1.0802322626113892
23143,1,-0.7886697053909302,-0.8549322485923767,-0.9356166124343872,-2.579218626022339,-0.3547007143497467,-1.1433704197406769
23149,1,0.10813417285680771,0.3639974594116211,0.5550735592842102,1.027205228805542,0.09485556930303574,0.20298974215984344
23150,1,-0.14885035157203674,-0.09484720230102539,0.09062991291284561,-0.15306764841079712,-0.013571391813457012,-0.16242174338549376
23157,1,0.970015823841095,1.7099030017852783,1.1041375398635864,3.7840564250946045,0.834251344203949,1.804267168045044
23161,0,-0.25919848680496216,-0.06563816219568253,0.4256533682346344,0.10081671923398972,1.2448865175247192,0.9856880307197571
23163,1,-0.37715378403663635,-0.4231187105178833,-0.4364469647407532,-1.2367194890975952,-0.47259655594825745,-0.8497503399848938
23167,1,-0.3695262670516968,-0.3364574909210205,0.0076148658990859985,-0.6983689069747925,-0.6331958174705505,-1.0027220845222473
23172,0,-0.2739679515361786,-0.40190544724464417,-0.6398341655731201,-1.3157075643539429,0.048908431082963943,-0.22505952045321465
23181,0,-0.41339924931526184,0.06361079216003418,-0.01954469084739685,-0.3693331480026245,-0.22050075232982635,-0.6339000016450882
23189,1,-0.4659707248210907,-0.4344680905342102,0.14863623678684235,-0.7518025636672974,0.2912959158420563,-0.17467480897903442
23192,1,-0.7621116638183594,-0.8061644434928894,-1.0627914667129517,-2.6310675144195557,-0.17132414877414703,-0.9334358125925064
23193,1,-1.0122435092926025,-1.0330296754837036,-0.9793397188186646,-3.0246129035949707,-0.4246327877044678,-1.4368762969970703
23195,1,-0.5947508811950684,-0.6268594861030579,-0.6977545619010925,-1.9193649291992188,0.2175777107477188,-0.37717317044734955
23198,1,-0.7712575793266296,-0.8346131443977356,-0.5583199262619019,-2.1641907691955566,-0.43696728348731995,-1.2082248628139496
23206,1,-0.7875180840492249,-0.8599258661270142,-1.1549962759017944,-2.8024401664733887,-0.221774622797966,-1.0092927068471909
23211,1,-0.6492833495140076,-0.5564330220222473,-0.71442711353302,-1.920143485069275,-0.15533564984798431,-0.8046189993619919
23216,1,-0.9336577653884888,-0.9616125822067261,-0.9936246275901794,-2.888895034790039,-1.139954686164856,-2.0736124515533447
23217,0,-1.080668330192566,-1.1715750694274902,-1.0740351676940918,-3.3262786865234375,-0.9854099750518799,-2.066078305244446
23228,1,-0.7689769268035889,0,-0.21002602577209473,-0.9790029525756836,-0.7773258686065674,-1.5463027954101562
23231,1,-0.6043345928192139,-0.6431825160980225,-0.9406744241714478,-2.1881914138793945,-1.286705493927002,-1.8910400867462158
23233,1,0.21781620383262634,0.1892327070236206,-0.29235440492630005,0.1146945059299469,-0.7456713318824768,-0.5278551280498505
23235,1,-0.6941994428634644,-0.4859084486961365,-0.9523051977157593,-2.132413148880005,-0.4565097391605377,-1.150709182024002
23237,1,-0.613079845905304,-0.6421687602996826,-0.5262227058410645,-1.7814712524414062,-1.0157042741775513,-1.6287841200828552
23240,1,-0.9997407793998718,-1.0845074653625488,-1.0599415302276611,-3.1441898345947266,0.03464699909090996,-0.9650937803089619
23247,1,-0.4759203791618347,-0.9207908511161804,-0.9691571593284607,-2.365868330001831,-0.4874245226383209,-0.9633449018001556
23249,1,-0.5637462139129639,-0.6059123277664185,-0.6760543584823608,-1.8457129001617432,0.4055216312408447,-0.15822458267211914
23250,1,-0.5035704374313354,-0.3708416521549225,-0.5896828174591064,-1.464094877243042,-0.08789321035146713,-0.5914636477828026
23253,0,-0.7283387184143066,-0.740641713142395,-0.7727252244949341,-2.2417056560516357,-1.6282936334609985,-2.356632351875305
23254,1,-1.1210668087005615,-1.1260696649551392,-1.075424313545227,-3.3225607872009277,-0.34545984864234924,-1.4665266573429108
23263,1,-0.29326188564300537,0,0.1391080766916275,-0.15415380895137787,-1.4196654558181763,-1.7129273414611816
23266,1,-0.15992632508277893,-0.23546667397022247,-0.06168268620967865,-0.45707568526268005,0.11671373248100281,-0.04321259260177612
23267,1,-0.2172246277332306,-0.2817898988723755,0.002083912491798401,-0.4969305992126465,-0.14374461770057678,-0.3609692454338074
23268,1,-0.7869219183921814,-0.8303457498550415,-0.7599638104438782,-2.3772315979003906,0.5202996134757996,-0.26662230491638184
23269,1,-0.33899107575416565,-0.359421968460083,-0.25578755140304565,-0.9542006254196167,0.2520299553871155,-0.08696112036705017
23272,0,-0.32613956928253174,-0.31321078538894653,-0.2901237905025482,-0.9294741153717041,0.027666956186294556,-0.2984726130962372
23277,0,-0.6777458190917969,-0.6874859929084778,-0.6319485902786255,-1.997180461883545,-0.2275078147649765,-0.9052536338567734
23279,1,-1.0197080373764038,-1.1047043800354004,-1.2341594696044922,-3.358572006225586,-0.2938399612903595,-1.3135479986667633
23283,1,-0.438308984041214,-0.38664713501930237,-0.5793859958648682,-1.4043421745300293,0.017371386289596558,-0.42093759775161743
23285,1,-0.4536135196685791,-0.41770094633102417,-0.2016357183456421,-1.0729501247406006,1.6164439916610718,1.1628304719924927
23286,1,-0.20117682218551636,-0.14380797743797302,-0.8659863471984863,-1.2109711170196533,0.07696154713630676,-0.1242152750492096
23291,1,-0.3270275294780731,-0.43216273188591003,-0.4841347634792328,-1.2433249950408936,0.018050670623779297,-0.3089768588542938
23293,1,-0.022256359457969666,-0.12120965868234634,-0.04681593179702759,-0.1902819573879242,0.2390480637550354,0.21679170429706573
23300,0,-0.33123719692230225,-0.3684171736240387,-0.35500866174697876,-1.054663062095642,-0.10180119425058365,-0.4330383911728859
23302,1,1.030402421951294,0,0.7243156433105469,1.7547180652618408,1.092562198638916,2.12296462059021
23306,1,0.7736594080924988,0.870362401008606,0.7613509297370911,2.4053726196289062,0.817596971988678,1.5912563800811768
